<?xml version="1.0" encoding="UTF-8"?>
<metadata xml:lang="it"><Esri><CreaDate>20170905</CreaDate><CreaTime>16213200</CreaTime><ArcGISFormat>1.0</ArcGISFormat><SyncOnce>TRUE</SyncOnce><DataProperties><itemProps><itemLocation><linkage Sync="TRUE">file://\\MULUKUKU\C$\Users\Barry\Dropbox (GeoAdaptive)\013_Case_study_research\European Cities product\GIS\ECOH_ToRivers_bdtre_2012_Torino</linkage><protocol Sync="TRUE">Local Area Network</protocol></itemLocation></itemProps><copyHistory><copy source="C:\Users\Barry\Dropbox (GeoAdaptive)\2016_39_Muni_Torino_MASTER\2016_39_Muni_Torino-GIS\Derived\ECOH\ECOH_ToRivers_bdtre_2012_Torino" dest="\\MULUKUKU\C$\Users\Barry\Dropbox (GeoAdaptive)\013_Case_study_research\European Cities product\GIS\ECOH_ToRivers_bdtre_2012_Torino" date="20170905" time="16213200"></copy></copyHistory></DataProperties></Esri></metadata>
