<?xml version="1.0" encoding="UTF-8"?>
<metadata xml:lang="en"><Esri><CreaDate>20170912</CreaDate><CreaTime>14405000</CreaTime><ArcGISFormat>1.0</ArcGISFormat><SyncOnce>TRUE</SyncOnce><DataProperties><lineage><Process ToolSource="c:\program files (x86)\arcgis\desktop10.5\ArcToolbox\Toolboxes\Spatial Analyst Tools.tbx\ExtractByMask" Date="20170912" Time="144050">ExtractByMask BASE_PiemonteDTMco_regiongp_2008_Torino.asc UHI_Validation_AOI "C:\Users\Barry\Dropbox (GeoAdaptive)\013_Case_study_research\European Cities product\GIS\ECOH_DTM_10m_regiongp_2008_Torino.tif"</Process></lineage></DataProperties></Esri></metadata>
