<?xml version="1.0" encoding="UTF-8"?>
<metadata xml:lang="it"><Esri><CreaDate>20170905</CreaDate><CreaTime>16210000</CreaTime><ArcGISFormat>1.0</ArcGISFormat><SyncOnce>TRUE</SyncOnce><DataProperties><lineage><Process ToolSource="c:\program files (x86)\arcgis\desktop10.3\ArcToolbox\Toolboxes\Data Management Tools.tbx\CalculateField" Date="20170328" Time="120433">CalculateField ECON_Areasind_Derris_17_Torino N_area "6" VB #</Process><Process ToolSource="c:\program files (x86)\arcgis\desktop10.3\ArcToolbox\Toolboxes\Data Management Tools.tbx\CalculateField" Date="20170328" Time="120549">CalculateField ECON_Areasind_Derris_17_Torino N_area "1" VB #</Process><Process ToolSource="c:\program files (x86)\arcgis\desktop10.3\ArcToolbox\Toolboxes\Data Management Tools.tbx\CalculateField" Date="20170328" Time="120609">CalculateField ECON_Areasind_Derris_17_Torino N_area "2" VB #</Process><Process ToolSource="c:\program files (x86)\arcgis\desktop10.3\ArcToolbox\Toolboxes\Data Management Tools.tbx\CalculateField" Date="20170328" Time="120622">CalculateField ECON_Areasind_Derris_17_Torino N_area "3" VB #</Process><Process ToolSource="c:\program files (x86)\arcgis\desktop10.3\ArcToolbox\Toolboxes\Data Management Tools.tbx\CalculateField" Date="20170328" Time="120633">CalculateField ECON_Areasind_Derris_17_Torino N_area "4" VB #</Process><Process ToolSource="c:\program files (x86)\arcgis\desktop10.3\ArcToolbox\Toolboxes\Data Management Tools.tbx\CalculateField" Date="20170328" Time="120645">CalculateField ECON_Areasind_Derris_17_Torino N_area "5" VB #</Process><Process ToolSource="c:\program files (x86)\arcgis\desktop10.4\ArcToolbox\Toolboxes\Data Management Tools.tbx\CalculateField" Date="20170410" Time="153433">CalculateField "Industrial Areas" Id [N_area] VB #</Process></lineage><itemProps><itemLocation><linkage Sync="TRUE">file://\\MULUKUKU\C$\Users\Barry\Dropbox (GeoAdaptive)\013_Case_study_research\European Cities product\GIS\ECON_Areasind_Derris_17_Torino</linkage><protocol Sync="TRUE">Local Area Network</protocol></itemLocation></itemProps><copyHistory><copy source="C:\Users\Barry\Dropbox (GeoAdaptive)\2016_39_Muni_Torino_MASTER\2016_39_Muni_Torino-GIS\Derived\ECON\ECON_Areasind_Derris_17_Torino" dest="\\MULUKUKU\C$\Users\Barry\Dropbox (GeoAdaptive)\013_Case_study_research\European Cities product\GIS\ECON_Areasind_Derris_17_Torino" date="20170905" time="16210000"></copy></copyHistory></DataProperties></Esri></metadata>
